Title,Release Date,Price,Rating
Counter-Strike 2,"21 Aug, 2012",Free,Very Positive
Battlefield™ 6,"10 Oct, 2025","₹3,999.00",Mostly Positive
ARC Raiders,"30 Oct, 2025","₹2,467.00",N/A
RV There Yet?,"21 Oct, 2025",₹360.00,Very Positive
Dispatch,"22 Oct, 2025","₹1,170.00",Very Positive
Steam Deck,"17 Jan, 2025",N/A,N/A
Escape From Duckov,"16 Oct, 2025","₹1,006.00",Overwhelmingly Positive
The Outer Worlds 2,"29 Oct, 2025","₹5,499.00",Very Positive
EA SPORTS FC™ 26,"25 Sep, 2025","₹3,998.00",Mixed
Escape Simulator 2,"27 Oct, 2025",₹809.00,Very Positive
Master of Command,"27 Oct, 2025",₹899.00,Very Positive
Sons Of The Forest,"22 Feb, 2024",₹416.00,Very Positive
Hollow Knight,"24 Feb, 2017",₹345.00,Overwhelmingly Positive
Football Manager 26,"4 Nov, 2025","₹4,049.00",N/A
Dead by Daylight,"14 Jun, 2016",₹463.00,Mostly Positive
BALL x PIT,"15 Oct, 2025",₹690.00,Overwhelmingly Positive
War Thunder,"15 Aug, 2013",Free,Mostly Positive
PUBG: BATTLEGROUNDS,"21 Dec, 2017",Free,Mixed
Dota 2,"9 Jul, 2013",Free,Very Positive
Rust,"8 Feb, 2018","₹1,020.00",Very Positive
Warframe,"25 Mar, 2013",Free,Very Positive
Jurassic World Evolution 3,"21 Oct, 2025","₹2,974.00",Very Positive
NBA 2K26,"4 Sep, 2025","₹2,299.00",Mixed
Digimon Story Time Stranger,"2 Oct, 2025","₹3,999.00",Very Positive
VEIN,"24 Oct, 2025",₹792.00,Very Positive
Marvel Rivals,"5 Dec, 2024",Free,Mostly Positive
Apex Legends™,"4 Nov, 2020",Free,Mostly Positive
PowerWash Simulator 2,"23 Oct, 2025","₹1,000.00",Mostly Positive
MISERY,"23 Oct, 2025",₹432.00,Very Positive
The Outlast Trials,"5 Mar, 2024",₹480.00,Very Positive
Fellowship,"16 Oct, 2025","₹1,100.00",Mostly Positive
Megabonk,"18 Sep, 2025",₹480.00,Very Positive
Grand Theft Auto V Enhanced,"4 Mar, 2025","₹1,649.00",Mostly Positive
MIMESIS,"27 Oct, 2025",₹384.00,Mostly Positive
Europa Universalis V,"4 Nov, 2025","₹3,259.00",N/A
Phasmophobia,"18 Sep, 2020",₹660.00,Overwhelmingly Positive
No Man's Sky,"12 Aug, 2016",₹960.00,Very Positive
The Walking Dead: The Telltale Definitive Series,"29 Oct, 2020",₹200.00,Overwhelmingly Positive
Arena Breakout: Infinite,"15 Sep, 2025",Free,Very Positive
Delta Force,"4 Dec, 2024",Free,Mixed
Gunfire Reborn,"17 Nov, 2021",₹477.00,Overwhelmingly Positive
Team Fortress 2,"10 Oct, 2007",Free,Very Positive
"Warhammer 40,000: Rogue Trader","7 Dec, 2023",₹900.00,Very Positive
Baldur's Gate 3,"3 Aug, 2023","₹2,999.00",Overwhelmingly Positive
HELLDIVERS™ 2,"8 Feb, 2024","₹2,499.00",Very Positive
DRAGON QUEST I & II HD-2D Remake,"30 Oct, 2025","₹3,999.00",N/A
Project Zomboid,"8 Nov, 2013",₹589.00,Very Positive
Escape the Backrooms,"23 Oct, 2025",₹314.00,Very Positive
Crusader Kings III,"1 Sep, 2020","₹2,699.00",Very Positive
Battlefield™ 6 - Phantom Upgrade,"10 Oct, 2025","₹2,000.00",Mixed
